status,completion_pct,channel,source_file
Active,20.0,GoFundMe,OrderData_MultiLevel
Active,19.23,GoFundMe,OrderData_MultiLevel
Active,19.23,GoFundMe,OrderData_MultiLevel
Active,19.23,GoFundMe,OrderData_MultiLevel
Inactive,6.535,GoFundMe,OrderData_MultiLevel
Active,19.23,GoFundMe,OrderData_MultiLevel
Active,19.23,GoFundMe,OrderData_MultiLevel
Inactive,0.0,GoFundMe,OrderData_MultiLevel
Inactive,16.395,GoFundMe,OrderData_MultiLevel
Active,19.23,GoFundMe,OrderData_MultiLevel
Active,19.23,GoFundMe,OrderData_MultiLevel
Active,19.23,GoFundMe,OrderData_MultiLevel
Inactive,6.29,GoFundMe,OrderData_MultiLevel
Active,19.23,GoFundMe,OrderData_MultiLevel
Active,19.23,GoFundMe,OrderData_MultiLevel
Active,19.23,GoFundMe,OrderData_MultiLevel
Inactive,18.18,GoFundMe,OrderData_MultiLevel
Active,19.23,GoFundMe,OrderData_MultiLevel
Active,19.23,GoFundMe,OrderData_MultiLevel
Active,27.78,GoFundMe,OrderData_MultiLevel
Active,19.23,GoFundMe,OrderData_MultiLevel
Active,19.23,GoFundMe,OrderData_MultiLevel
Active,19.23,GoFundMe,OrderData_MultiLevel
Active,19.23,GoFundMe,OrderData_MultiLevel
Inactive,13.16,GoFundMe,OrderData_MultiLevel
Active,19.23,GoFundMe,OrderData_MultiLevel
Active,27.78,GoFundMe,OrderData_MultiLevel
Active,19.23,GoFundMe,OrderData_MultiLevel
Active,19.23,GoFundMe,OrderData_MultiLevel
Inactive,24.195,GoFundMe,OrderData_MultiLevel
Inactive,17.855,GoFundMe,OrderData_MultiLevel
Active,19.23,GoFundMe,OrderData_MultiLevel
Active,19.23,GoFundMe,OrderData_MultiLevel
Active,19.23,GoFundMe,OrderData_MultiLevel
Inactive,12.985,GoFundMe,OrderData_MultiLevel
Active,19.23,GoFundMe,OrderData_MultiLevel
Inactive,0.0,GoFundMe,OrderData_MultiLevel
Active,19.23,GoFundMe,OrderData_MultiLevel
Inactive,24.195,GoFundMe,OrderData_MultiLevel
Active,19.23,GoFundMe,OrderData_MultiLevel
Active,19.23,GoFundMe,OrderData_MultiLevel
Inactive,11.63,GoFundMe,OrderData_MultiLevel
Active,19.23,GoFundMe,OrderData_MultiLevel
Inactive,16.395,GoFundMe,OrderData_MultiLevel
Active,19.23,GoFundMe,OrderData_MultiLevel
Active,19.23,GoFundMe,OrderData_MultiLevel
Inactive,14.285,GoFundMe,OrderData_MultiLevel
Active,19.23,GoFundMe,OrderData_MultiLevel
Active,19.23,GoFundMe,OrderData_MultiLevel
Inactive,6.135,GoFundMe,OrderData_MultiLevel
Inactive,8.545,GoFundMe,OrderData_MultiLevel
Active,19.23,GoFundMe,OrderData_MultiLevel
Active,19.23,GoFundMe,OrderData_MultiLevel
Inactive,0.0,GoFundMe,OrderData_MultiLevel
Active,19.23,GoFundMe,OrderData_MultiLevel
Inactive,16.395,GoFundMe,OrderData_MultiLevel
Active,19.23,GoFundMe,OrderData_MultiLevel
Active,19.23,GoFundMe,OrderData_MultiLevel
Active,19.23,GoFundMe,OrderData_MultiLevel
Active,19.23,GoFundMe,OrderData_MultiLevel
Inactive,6.735,GoFundMe,OrderData_MultiLevel
Active,19.23,GoFundMe,OrderData_MultiLevel
Active,19.23,GoFundMe,OrderData_MultiLevel
Inactive,17.545,GoFundMe,OrderData_MultiLevel
Active,19.23,GoFundMe,OrderData_MultiLevel
Inactive,7.195,GoFundMe,OrderData_MultiLevel
Active,19.23,GoFundMe,OrderData_MultiLevel
Active,19.23,GoFundMe,OrderData_MultiLevel
Inactive,0.0,GoFundMe,OrderData_MultiLevel
Inactive,5.88,GoFundMe,OrderData_MultiLevel
Active,19.23,GoFundMe,OrderData_MultiLevel
Inactive,6.945,GoFundMe,OrderData_MultiLevel
Active,19.23,GoFundMe,OrderData_MultiLevel
Active,19.23,GoFundMe,OrderData_MultiLevel
Active,19.23,GoFundMe,OrderData_MultiLevel
Active,19.23,GoFundMe,OrderData_MultiLevel
Active,19.23,GoFundMe,OrderData_MultiLevel
Active,2.995,GoFundMe,OrderData_MultiLevel
Active,19.23,GoFundMe,OrderData_MultiLevel
Active,19.23,GoFundMe,OrderData_MultiLevel
Active,19.23,GoFundMe,OrderData_MultiLevel
Active,19.23,GoFundMe,OrderData_MultiLevel
Inactive,14.925,GoFundMe,OrderData_MultiLevel
Active,19.23,GoFundMe,OrderData_MultiLevel
Inactive,14.085,GoFundMe,OrderData_MultiLevel
Active,19.23,GoFundMe,OrderData_MultiLevel
Active,19.23,GoFundMe,OrderData_MultiLevel
Active,19.23,GoFundMe,OrderData_MultiLevel
Active,19.23,GoFundMe,OrderData_MultiLevel
Active,19.23,GoFundMe,OrderData_MultiLevel
Active,19.23,GoFundMe,OrderData_MultiLevel
Active,19.23,GoFundMe,OrderData_MultiLevel
Inactive,14.495,GoFundMe,OrderData_MultiLevel
Active,27.78,GoFundMe,OrderData_MultiLevel
Active,19.23,GoFundMe,OrderData_MultiLevel
Inactive,13.515,GoFundMe,OrderData_MultiLevel
Active,19.23,GoFundMe,OrderData_MultiLevel
Active,19.23,GoFundMe,OrderData_MultiLevel
Inactive,13.7,GoFundMe,OrderData_MultiLevel
Active,19.23,GoFundMe,OrderData_MultiLevel
Active,19.23,GoFundMe,OrderData_MultiLevel
Inactive,6.025,GoFundMe,OrderData_MultiLevel
Inactive,5.375,GoFundMe,OrderData_MultiLevel
Active,19.23,GoFundMe,OrderData_MultiLevel
Active,19.23,GoFundMe,OrderData_MultiLevel
Active,19.23,GoFundMe,OrderData_MultiLevel
Active,19.23,GoFundMe,OrderData_MultiLevel
Inactive,6.37,GoFundMe,OrderData_MultiLevel
Active,19.23,GoFundMe,OrderData_MultiLevel
Active,19.23,GoFundMe,OrderData_MultiLevel
Active,19.23,GoFundMe,OrderData_MultiLevel
Active,19.23,GoFundMe,OrderData_MultiLevel
Active,19.23,GoFundMe,OrderData_MultiLevel
Inactive,9.615,GoFundMe,OrderData_MultiLevel
Inactive,0.0,GoFundMe,OrderData_MultiLevel
Inactive,0.0,GoFundMe,OrderData_MultiLevel
Inactive,0.0,GoFundMe,OrderData_MultiLevel
Inactive,0.0,GoFundMe,OrderData_MultiLevel
Inactive,0.0,GoFundMe,OrderData_MultiLevel
Inactive,0.0,GoFundMe,OrderData_MultiLevel
Inactive,0.0,GoFundMe,OrderData_MultiLevel
Inactive,0.0,GoFundMe,OrderData_MultiLevel
Inactive,0.0,GoFundMe,OrderData_MultiLevel
Inactive,0.0,GoFundMe,OrderData_MultiLevel
Inactive,0.0,GoFundMe,OrderData_MultiLevel
Inactive,0.0,GoFundMe,OrderData_MultiLevel
Inactive,0.0,GoFundMe,OrderData_MultiLevel
Inactive,0.0,GoFundMe,OrderData_MultiLevel
Inactive,0.0,GoFundMe,OrderData_MultiLevel
Inactive,0.0,GoFundMe,OrderData_MultiLevel
Inactive,0.0,GoFundMe,OrderData_MultiLevel
Inactive,0.0,GoFundMe,OrderData_MultiLevel
Inactive,0.0,GoFundMe,OrderData_MultiLevel
Inactive,0.0,GoFundMe,OrderData_MultiLevel
Inactive,0.0,GoFundMe,OrderData_MultiLevel
Inactive,0.0,GoFundMe,OrderData_MultiLevel
Inactive,0.0,GoFundMe,OrderData_MultiLevel
Inactive,0.0,GoFundMe,OrderData_MultiLevel
Inactive,0.0,GoFundMe,OrderData_MultiLevel
Inactive,0.0,GoFundMe,OrderData_MultiLevel
Inactive,0.0,GoFundMe,OrderData_MultiLevel
Inactive,0.0,GoFundMe,OrderData_MultiLevel
Inactive,0.0,GoFundMe,OrderData_MultiLevel
Inactive,0.0,GoFundMe,OrderData_MultiLevel
Inactive,0.0,GoFundMe,OrderData_MultiLevel
Inactive,0.0,GoFundMe,OrderData_MultiLevel
Inactive,0.0,GoFundMe,OrderData_MultiLevel
Inactive,0.0,GoFundMe,OrderData_MultiLevel
Inactive,0.0,GoFundMe,OrderData_MultiLevel
Inactive,0.0,GoFundMe,OrderData_MultiLevel
Inactive,0.0,GoFundMe,OrderData_MultiLevel
Inactive,0.0,GoFundMe,OrderData_MultiLevel
Inactive,0.0,GoFundMe,OrderData_MultiLevel
Inactive,0.0,GoFundMe,OrderData_MultiLevel
Inactive,0.0,GoFundMe,OrderData_MultiLevel
Inactive,0.0,GoFundMe,OrderData_MultiLevel
Inactive,0.0,GoFundMe,OrderData_MultiLevel
Inactive,0.0,GoFundMe,OrderData_MultiLevel
Inactive,0.0,GoFundMe,OrderData_MultiLevel
Inactive,0.0,GoFundMe,OrderData_MultiLevel
Inactive,0.0,GoFundMe,OrderData_MultiLevel
Inactive,0.0,GoFundMe,OrderData_MultiLevel
Inactive,0.0,GoFundMe,OrderData_MultiLevel
Inactive,0.0,GoFundMe,OrderData_MultiLevel
Inactive,0.0,GoFundMe,OrderData_MultiLevel
Inactive,0.0,GoFundMe,OrderData_MultiLevel
Inactive,0.0,GoFundMe,OrderData_MultiLevel
Inactive,0.0,GoFundMe,OrderData_MultiLevel
Inactive,0.0,GoFundMe,OrderData_MultiLevel
Inactive,0.0,GoFundMe,OrderData_MultiLevel
Inactive,0.0,GoFundMe,OrderData_MultiLevel
Inactive,0.0,GoFundMe,OrderData_MultiLevel
Inactive,0.0,GoFundMe,OrderData_MultiLevel
Inactive,0.0,GoFundMe,OrderData_MultiLevel
Inactive,0.0,GoFundMe,OrderData_MultiLevel
Inactive,0.0,GoFundMe,OrderData_MultiLevel
Inactive,0.0,GoFundMe,OrderData_MultiLevel
Inactive,0.0,GoFundMe,OrderData_MultiLevel
Inactive,0.0,GoFundMe,OrderData_MultiLevel
Inactive,0.0,GoFundMe,OrderData_MultiLevel
Inactive,0.0,GoFundMe,OrderData_MultiLevel
Inactive,0.0,GoFundMe,OrderData_MultiLevel
Inactive,0.0,GoFundMe,OrderData_MultiLevel
Inactive,0.0,GoFundMe,OrderData_MultiLevel
Inactive,0.0,GoFundMe,OrderData_MultiLevel
Inactive,0.0,GoFundMe,OrderData_MultiLevel
Inactive,0.0,GoFundMe,OrderData_MultiLevel
Inactive,0.0,GoFundMe,OrderData_MultiLevel
Inactive,0.0,GoFundMe,OrderData_MultiLevel
Inactive,0.0,GoFundMe,OrderData_MultiLevel
Inactive,0.0,GoFundMe,OrderData_MultiLevel
Inactive,0.0,GoFundMe,OrderData_MultiLevel
Inactive,0.0,GoFundMe,OrderData_MultiLevel
Inactive,0.0,GoFundMe,OrderData_MultiLevel
Inactive,0.0,GoFundMe,OrderData_MultiLevel
Inactive,0.0,GoFundMe,OrderData_MultiLevel
Inactive,0.0,GoFundMe,OrderData_MultiLevel
Inactive,0.0,GoFundMe,OrderData_MultiLevel
Inactive,0.0,GoFundMe,OrderData_MultiLevel
Inactive,0.0,GoFundMe,OrderData_MultiLevel
Inactive,0.0,GoFundMe,OrderData_MultiLevel
Inactive,0.0,GoFundMe,OrderData_MultiLevel
Inactive,0.0,GoFundMe,OrderData_MultiLevel
Inactive,0.0,GoFundMe,OrderData_MultiLevel
Inactive,0.0,GoFundMe,OrderData_MultiLevel
Inactive,0.0,GoFundMe,OrderData_MultiLevel
Inactive,0.0,GoFundMe,OrderData_MultiLevel
Inactive,0.0,GoFundMe,OrderData_MultiLevel
Inactive,0.0,GoFundMe,OrderData_MultiLevel
Inactive,0.0,GoFundMe,OrderData_MultiLevel
Inactive,0.0,GoFundMe,OrderData_MultiLevel
Inactive,0.0,GoFundMe,OrderData_MultiLevel
Inactive,0.0,GoFundMe,OrderData_MultiLevel
Inactive,0.0,GoFundMe,OrderData_MultiLevel
Inactive,0.0,GoFundMe,OrderData_MultiLevel
Inactive,0.0,GoFundMe,OrderData_MultiLevel
Inactive,0.0,GoFundMe,OrderData_MultiLevel
Inactive,0.0,GoFundMe,OrderData_MultiLevel
Inactive,0.0,GoFundMe,OrderData_MultiLevel
Inactive,0.0,GoFundMe,OrderData_MultiLevel
Inactive,0.0,GoFundMe,OrderData_MultiLevel
Inactive,0.0,GoFundMe,OrderData_MultiLevel
Inactive,0.0,GoFundMe,OrderData_MultiLevel
Inactive,0.0,GoFundMe,OrderData_MultiLevel
Inactive,0.0,GoFundMe,OrderData_MultiLevel
Inactive,0.0,GoFundMe,OrderData_MultiLevel
Inactive,0.0,GoFundMe,OrderData_MultiLevel
Inactive,0.0,GoFundMe,OrderData_MultiLevel
Inactive,0.0,GoFundMe,OrderData_MultiLevel
Inactive,0.0,GoFundMe,OrderData_MultiLevel
Inactive,0.0,GoFundMe,OrderData_MultiLevel
Inactive,0.0,GoFundMe,OrderData_MultiLevel
Inactive,0.0,GoFundMe,OrderData_MultiLevel
Inactive,0.0,GoFundMe,OrderData_MultiLevel
Inactive,0.0,GoFundMe,OrderData_MultiLevel
Inactive,0.0,GoFundMe,OrderData_MultiLevel
Inactive,0.0,GoFundMe,OrderData_MultiLevel
Inactive,0.0,GoFundMe,OrderData_MultiLevel
Inactive,0.0,GoFundMe,OrderData_MultiLevel
Inactive,0.0,GoFundMe,OrderData_MultiLevel
Inactive,0.0,GoFundMe,OrderData_MultiLevel
Inactive,0.0,GoFundMe,OrderData_MultiLevel
Inactive,0.0,GoFundMe,OrderData_MultiLevel
Inactive,0.0,GoFundMe,OrderData_MultiLevel
Inactive,0.0,GoFundMe,OrderData_MultiLevel
Inactive,0.0,GoFundMe,OrderData_MultiLevel
Inactive,0.0,GoFundMe,OrderData_MultiLevel
Inactive,0.0,GoFundMe,OrderData_MultiLevel
Inactive,0.0,GoFundMe,OrderData_MultiLevel
Inactive,0.0,GoFundMe,OrderData_MultiLevel
Inactive,0.0,GoFundMe,OrderData_MultiLevel
Inactive,0.0,GoFundMe,OrderData_MultiLevel
Inactive,0.0,GoFundMe,OrderData_MultiLevel
Inactive,0.0,GoFundMe,OrderData_MultiLevel
Inactive,0.0,GoFundMe,OrderData_MultiLevel
Inactive,0.0,GoFundMe,OrderData_MultiLevel
Inactive,0.0,GoFundMe,OrderData_MultiLevel
Inactive,0.0,GoFundMe,OrderData_MultiLevel
Inactive,0.0,GoFundMe,OrderData_MultiLevel
Inactive,0.0,GoFundMe,OrderData_MultiLevel
Inactive,0.0,GoFundMe,OrderData_MultiLevel
Inactive,0.0,GoFundMe,OrderData_MultiLevel
Inactive,0.0,GoFundMe,OrderData_MultiLevel
Inactive,0.0,GoFundMe,OrderData_MultiLevel
Inactive,0.0,GoFundMe,OrderData_MultiLevel
Inactive,0.0,GoFundMe,OrderData_MultiLevel
Inactive,0.0,GoFundMe,OrderData_MultiLevel
Inactive,0.0,GoFundMe,OrderData_MultiLevel
Inactive,0.0,GoFundMe,OrderData_MultiLevel
Inactive,0.0,GoFundMe,OrderData_MultiLevel
Inactive,0.0,GoFundMe,OrderData_MultiLevel
Inactive,0.0,GoFundMe,OrderData_MultiLevel
Inactive,0.0,GoFundMe,OrderData_MultiLevel
Inactive,0.0,GoFundMe,OrderData_MultiLevel
Inactive,0.0,GoFundMe,OrderData_MultiLevel
Inactive,0.0,GoFundMe,OrderData_MultiLevel
Inactive,0.0,GoFundMe,OrderData_MultiLevel
Inactive,0.0,GoFundMe,OrderData_MultiLevel
Inactive,0.0,GoFundMe,OrderData_MultiLevel
Inactive,0.0,GoFundMe,OrderData_MultiLevel
Inactive,0.0,GoFundMe,OrderData_MultiLevel
Inactive,0.0,GoFundMe,OrderData_MultiLevel
Inactive,0.0,GoFundMe,OrderData_MultiLevel
Inactive,0.0,GoFundMe,OrderData_MultiLevel
Inactive,0.0,GoFundMe,OrderData_MultiLevel
Inactive,0.0,GoFundMe,OrderData_MultiLevel
Inactive,0.0,GoFundMe,OrderData_MultiLevel
Inactive,0.0,GoFundMe,OrderData_MultiLevel
Inactive,0.0,GoFundMe,OrderData_MultiLevel
Inactive,0.0,GoFundMe,OrderData_MultiLevel
Inactive,0.0,GoFundMe,OrderData_MultiLevel
Inactive,0.0,GoFundMe,OrderData_MultiLevel
Inactive,0.0,GoFundMe,OrderData_MultiLevel
Inactive,0.0,GoFundMe,OrderData_MultiLevel
Inactive,0.0,GoFundMe,OrderData_MultiLevel
Inactive,0.0,GoFundMe,OrderData_MultiLevel
Inactive,0.0,GoFundMe,OrderData_MultiLevel
Inactive,0.0,GoFundMe,OrderData_MultiLevel
Inactive,0.0,GoFundMe,OrderData_MultiLevel
Inactive,0.0,GoFundMe,OrderData_MultiLevel
Inactive,0.0,GoFundMe,OrderData_MultiLevel
Inactive,0.0,GoFundMe,OrderData_MultiLevel
Inactive,0.0,GoFundMe,OrderData_MultiLevel
Inactive,0.0,GoFundMe,OrderData_MultiLevel
Inactive,0.0,GoFundMe,OrderData_MultiLevel
Inactive,0.0,GoFundMe,OrderData_MultiLevel
Inactive,0.0,GoFundMe,OrderData_MultiLevel
Inactive,0.0,GoFundMe,OrderData_MultiLevel
Inactive,0.0,GoFundMe,OrderData_MultiLevel
Inactive,0.0,GoFundMe,OrderData_MultiLevel
Inactive,0.0,GoFundMe,OrderData_MultiLevel
Inactive,0.0,GoFundMe,OrderData_MultiLevel
Inactive,0.0,GoFundMe,OrderData_MultiLevel
Inactive,0.0,GoFundMe,OrderData_MultiLevel
Inactive,0.0,GoFundMe,OrderData_MultiLevel
Inactive,0.0,GoFundMe,OrderData_MultiLevel
Inactive,0.0,GoFundMe,OrderData_MultiLevel
Inactive,0.0,GoFundMe,OrderData_MultiLevel
Inactive,0.0,GoFundMe,OrderData_MultiLevel
Inactive,0.0,GoFundMe,OrderData_MultiLevel
Inactive,0.0,GoFundMe,OrderData_MultiLevel
Inactive,0.0,GoFundMe,OrderData_MultiLevel
Inactive,0.0,GoFundMe,OrderData_MultiLevel
Inactive,0.0,GoFundMe,OrderData_MultiLevel
Inactive,0.0,GoFundMe,OrderData_MultiLevel
Inactive,0.0,GoFundMe,OrderData_MultiLevel
Inactive,0.0,GoFundMe,OrderData_MultiLevel
Inactive,0.0,GoFundMe,OrderData_MultiLevel
Inactive,0.0,GoFundMe,OrderData_MultiLevel
Inactive,0.0,GoFundMe,OrderData_MultiLevel
Inactive,0.0,GoFundMe,OrderData_MultiLevel
Inactive,0.0,GoFundMe,OrderData_MultiLevel
Inactive,0.0,GoFundMe,OrderData_MultiLevel
Inactive,0.0,GoFundMe,OrderData_MultiLevel
Inactive,0.0,GoFundMe,OrderData_MultiLevel
Inactive,0.0,GoFundMe,OrderData_MultiLevel
Inactive,0.0,GoFundMe,OrderData_MultiLevel
Inactive,0.0,GoFundMe,OrderData_MultiLevel
Inactive,0.0,GoFundMe,OrderData_MultiLevel
Inactive,0.0,GoFundMe,OrderData_MultiLevel
Inactive,0.0,GoFundMe,OrderData_MultiLevel
Inactive,0.0,GoFundMe,OrderData_MultiLevel
Inactive,0.0,GoFundMe,OrderData_MultiLevel
Inactive,0.0,GoFundMe,OrderData_MultiLevel
Inactive,0.0,GoFundMe,OrderData_MultiLevel
Inactive,0.0,GoFundMe,OrderData_MultiLevel
Inactive,0.0,GoFundMe,OrderData_MultiLevel
Inactive,0.0,GoFundMe,OrderData_MultiLevel
Inactive,0.0,GoFundMe,OrderData_MultiLevel
Inactive,0.0,GoFundMe,OrderData_MultiLevel
Inactive,0.0,GoFundMe,OrderData_MultiLevel
Inactive,0.0,GoFundMe,OrderData_MultiLevel
Inactive,0.0,GoFundMe,OrderData_MultiLevel
Inactive,0.0,GoFundMe,OrderData_MultiLevel
Inactive,0.0,GoFundMe,OrderData_MultiLevel
Inactive,0.0,GoFundMe,OrderData_MultiLevel
Inactive,0.0,GoFundMe,OrderData_MultiLevel
Inactive,0.0,GoFundMe,OrderData_MultiLevel
Inactive,0.0,GoFundMe,OrderData_MultiLevel
Inactive,0.0,GoFundMe,OrderData_MultiLevel
Inactive,0.0,GoFundMe,OrderData_MultiLevel
Inactive,0.0,GoFundMe,OrderData_MultiLevel
Inactive,0.0,GoFundMe,OrderData_MultiLevel
Inactive,0.0,GoFundMe,OrderData_MultiLevel
Inactive,0.0,GoFundMe,OrderData_MultiLevel
Inactive,0.0,GoFundMe,OrderData_MultiLevel
Inactive,0.0,GoFundMe,OrderData_MultiLevel
Inactive,0.0,GoFundMe,OrderData_MultiLevel
Inactive,0.0,GoFundMe,OrderData_MultiLevel
Inactive,0.0,GoFundMe,OrderData_MultiLevel
Inactive,0.0,GoFundMe,OrderData_MultiLevel
Inactive,0.0,GoFundMe,OrderData_MultiLevel
Inactive,0.0,GoFundMe,OrderData_MultiLevel
Inactive,0.0,GoFundMe,OrderData_MultiLevel
Inactive,0.0,GoFundMe,OrderData_MultiLevel
Inactive,0.0,GoFundMe,OrderData_MultiLevel
Inactive,0.0,GoFundMe,OrderData_MultiLevel
Inactive,0.0,GoFundMe,OrderData_MultiLevel
Inactive,0.0,GoFundMe,OrderData_MultiLevel
Inactive,0.0,GoFundMe,OrderData_MultiLevel
Inactive,0.0,GoFundMe,OrderData_MultiLevel
Inactive,0.0,GoFundMe,OrderData_MultiLevel
Inactive,0.0,GoFundMe,OrderData_MultiLevel
Inactive,0.0,GoFundMe,OrderData_MultiLevel
Inactive,0.0,GoFundMe,OrderData_MultiLevel
Inactive,0.0,GoFundMe,OrderData_MultiLevel
Inactive,0.0,GoFundMe,OrderData_MultiLevel
Inactive,0.0,GoFundMe,OrderData_MultiLevel
Inactive,0.0,GoFundMe,OrderData_MultiLevel
Inactive,0.0,GoFundMe,OrderData_MultiLevel
Inactive,0.0,GoFundMe,OrderData_MultiLevel
Inactive,0.0,GoFundMe,OrderData_MultiLevel
Inactive,0.0,GoFundMe,OrderData_MultiLevel
Inactive,0.0,GoFundMe,OrderData_MultiLevel
Inactive,0.0,GoFundMe,OrderData_MultiLevel
Inactive,0.0,GoFundMe,OrderData_MultiLevel
Inactive,0.0,GoFundMe,OrderData_MultiLevel
Inactive,0.0,GoFundMe,OrderData_MultiLevel
Inactive,0.0,GoFundMe,OrderData_MultiLevel
Inactive,0.0,GoFundMe,OrderData_MultiLevel
Inactive,0.0,GoFundMe,OrderData_MultiLevel
Inactive,0.0,GoFundMe,OrderData_MultiLevel
Inactive,0.0,GoFundMe,OrderData_MultiLevel
Inactive,0.0,GoFundMe,OrderData_MultiLevel
Inactive,0.0,GoFundMe,OrderData_MultiLevel
Inactive,0.0,GoFundMe,OrderData_MultiLevel
Inactive,0.0,GoFundMe,OrderData_MultiLevel
Inactive,0.0,GoFundMe,OrderData_MultiLevel
Inactive,0.0,GoFundMe,OrderData_MultiLevel
Inactive,0.0,GoFundMe,OrderData_MultiLevel
Inactive,0.0,GoFundMe,OrderData_MultiLevel
Inactive,0.0,GoFundMe,OrderData_MultiLevel
Inactive,0.0,GoFundMe,OrderData_MultiLevel
Inactive,0.0,GoFundMe,OrderData_MultiLevel
Inactive,0.0,GoFundMe,OrderData_MultiLevel
Inactive,0.0,GoFundMe,OrderData_MultiLevel
Inactive,0.0,GoFundMe,OrderData_MultiLevel
Inactive,0.0,GoFundMe,OrderData_MultiLevel
Inactive,0.0,GoFundMe,OrderData_MultiLevel
Inactive,0.0,GoFundMe,OrderData_MultiLevel
Inactive,0.0,GoFundMe,OrderData_MultiLevel
Inactive,0.0,GoFundMe,OrderData_MultiLevel
Inactive,0.0,GoFundMe,OrderData_MultiLevel
Inactive,0.0,GoFundMe,OrderData_MultiLevel
Inactive,0.0,GoFundMe,OrderData_MultiLevel
Inactive,0.0,GoFundMe,OrderData_MultiLevel
Inactive,0.0,GoFundMe,OrderData_MultiLevel
Inactive,0.0,GoFundMe,OrderData_MultiLevel
Inactive,0.0,GoFundMe,OrderData_MultiLevel
Inactive,0.0,GoFundMe,OrderData_MultiLevel
Inactive,0.0,GoFundMe,OrderData_MultiLevel
Inactive,0.0,GoFundMe,OrderData_MultiLevel
Inactive,0.0,GoFundMe,OrderData_MultiLevel
Inactive,0.0,GoFundMe,OrderData_MultiLevel
Inactive,0.0,GoFundMe,OrderData_MultiLevel
Inactive,0.0,GoFundMe,OrderData_MultiLevel
Inactive,0.0,GoFundMe,OrderData_MultiLevel
Inactive,0.0,GoFundMe,OrderData_MultiLevel
Inactive,0.0,GoFundMe,OrderData_MultiLevel
Inactive,0.0,GoFundMe,OrderData_MultiLevel
Inactive,0.0,GoFundMe,OrderData_MultiLevel
Inactive,0.0,GoFundMe,OrderData_MultiLevel
Inactive,0.0,GoFundMe,OrderData_MultiLevel
Inactive,0.0,GoFundMe,OrderData_MultiLevel
Inactive,0.0,GoFundMe,OrderData_MultiLevel
Inactive,0.0,GoFundMe,OrderData_MultiLevel
Inactive,0.0,GoFundMe,OrderData_MultiLevel
Inactive,0.0,GoFundMe,OrderData_MultiLevel
Inactive,0.0,GoFundMe,OrderData_MultiLevel
Inactive,0.0,GoFundMe,OrderData_MultiLevel
Inactive,0.0,GoFundMe,OrderData_MultiLevel
Inactive,0.0,GoFundMe,OrderData_MultiLevel
Inactive,0.0,GoFundMe,OrderData_MultiLevel
Inactive,0.0,GoFundMe,OrderData_MultiLevel
Inactive,0.0,GoFundMe,OrderData_MultiLevel
Inactive,0.0,GoFundMe,OrderData_MultiLevel
Inactive,0.0,GoFundMe,OrderData_MultiLevel
Inactive,0.0,GoFundMe,OrderData_MultiLevel
Inactive,0.0,GoFundMe,OrderData_MultiLevel
Inactive,0.0,GoFundMe,OrderData_MultiLevel
Inactive,0.0,GoFundMe,OrderData_MultiLevel
Inactive,0.0,GoFundMe,OrderData_MultiLevel
Inactive,0.0,GoFundMe,OrderData_MultiLevel
Inactive,0.0,GoFundMe,OrderData_MultiLevel
Inactive,0.0,GoFundMe,OrderData_MultiLevel
Inactive,0.0,GoFundMe,OrderData_MultiLevel
Inactive,0.0,GoFundMe,OrderData_MultiLevel
Inactive,0.0,GoFundMe,OrderData_MultiLevel
Inactive,0.0,GoFundMe,OrderData_MultiLevel
Inactive,0.0,GoFundMe,OrderData_MultiLevel
Inactive,0.0,GoFundMe,OrderData_MultiLevel
Inactive,0.0,GoFundMe,OrderData_MultiLevel
Inactive,0.0,GoFundMe,OrderData_MultiLevel
Inactive,0.0,GoFundMe,OrderData_MultiLevel
Inactive,0.0,GoFundMe,OrderData_MultiLevel
Inactive,0.0,GoFundMe,OrderData_MultiLevel
Inactive,0.0,GoFundMe,OrderData_MultiLevel
Inactive,0.0,GoFundMe,OrderData_MultiLevel
Inactive,0.0,GoFundMe,OrderData_MultiLevel
Inactive,0.0,GoFundMe,OrderData_MultiLevel
Inactive,0.0,GoFundMe,OrderData_MultiLevel
Inactive,0.0,GoFundMe,OrderData_MultiLevel
Inactive,0.0,GoFundMe,OrderData_MultiLevel
Inactive,0.0,GoFundMe,OrderData_MultiLevel
Inactive,0.0,GoFundMe,OrderData_MultiLevel
Inactive,0.0,GoFundMe,OrderData_MultiLevel
Inactive,0.0,GoFundMe,OrderData_MultiLevel
Inactive,0.0,GoFundMe,OrderData_MultiLevel
Inactive,0.0,GoFundMe,OrderData_MultiLevel
Inactive,0.0,GoFundMe,OrderData_MultiLevel
Inactive,0.0,GoFundMe,OrderData_MultiLevel
Inactive,0.0,GoFundMe,OrderData_MultiLevel
Inactive,0.0,GoFundMe,OrderData_MultiLevel
Inactive,0.0,GoFundMe,OrderData_MultiLevel
Inactive,0.0,GoFundMe,OrderData_MultiLevel
Inactive,0.0,GoFundMe,OrderData_MultiLevel
Inactive,0.0,GoFundMe,OrderData_MultiLevel
Inactive,0.0,GoFundMe,OrderData_MultiLevel
Inactive,0.0,GoFundMe,OrderData_MultiLevel
Inactive,0.0,GoFundMe,OrderData_MultiLevel
Inactive,0.0,GoFundMe,OrderData_MultiLevel
Inactive,0.0,GoFundMe,OrderData_MultiLevel
Inactive,0.0,GoFundMe,OrderData_MultiLevel
Inactive,0.0,GoFundMe,OrderData_MultiLevel
Inactive,0.0,GoFundMe,OrderData_MultiLevel
Inactive,0.0,GoFundMe,OrderData_MultiLevel
Inactive,0.0,GoFundMe,OrderData_MultiLevel
Inactive,0.0,GoFundMe,OrderData_MultiLevel
Inactive,0.0,GoFundMe,OrderData_MultiLevel
Inactive,0.0,GoFundMe,OrderData_MultiLevel
Inactive,0.0,GoFundMe,OrderData_MultiLevel
Inactive,0.0,GoFundMe,OrderData_MultiLevel
Inactive,0.0,GoFundMe,OrderData_MultiLevel
Inactive,0.0,GoFundMe,OrderData_MultiLevel
Inactive,0.0,GoFundMe,OrderData_MultiLevel
Inactive,0.0,GoFundMe,OrderData_MultiLevel
Inactive,0.0,GoFundMe,OrderData_MultiLevel
Inactive,0.0,GoFundMe,OrderData_MultiLevel
Inactive,0.0,GoFundMe,OrderData_MultiLevel
Inactive,0.0,GoFundMe,OrderData_MultiLevel
Inactive,0.0,GoFundMe,OrderData_MultiLevel
Inactive,0.0,GoFundMe,OrderData_MultiLevel
Inactive,0.0,GoFundMe,OrderData_MultiLevel
Inactive,0.0,GoFundMe,OrderData_MultiLevel
Inactive,0.0,GoFundMe,OrderData_MultiLevel
Inactive,0.0,GoFundMe,OrderData_MultiLevel
Inactive,0.0,GoFundMe,OrderData_MultiLevel
Inactive,0.0,GoFundMe,OrderData_MultiLevel
Inactive,0.0,GoFundMe,OrderData_MultiLevel
Inactive,0.0,GoFundMe,OrderData_MultiLevel
Inactive,0.0,GoFundMe,OrderData_MultiLevel
Inactive,0.0,GoFundMe,OrderData_MultiLevel
Inactive,0.0,GoFundMe,OrderData_MultiLevel
Inactive,0.0,GoFundMe,OrderData_MultiLevel
Inactive,0.0,GoFundMe,OrderData_MultiLevel
Inactive,0.0,GoFundMe,OrderData_MultiLevel
Inactive,0.0,GoFundMe,OrderData_MultiLevel
Inactive,0.0,GoFundMe,OrderData_MultiLevel
Inactive,0.0,GoFundMe,OrderData_MultiLevel
Inactive,0.0,GoFundMe,OrderData_MultiLevel
Inactive,0.0,GoFundMe,OrderData_MultiLevel
Inactive,0.0,GoFundMe,OrderData_MultiLevel
Inactive,0.0,GoFundMe,OrderData_MultiLevel
Inactive,0.0,GoFundMe,OrderData_MultiLevel
Inactive,0.0,GoFundMe,OrderData_MultiLevel
Inactive,0.0,GoFundMe,OrderData_MultiLevel
Inactive,0.0,GoFundMe,OrderData_MultiLevel
Active,19.23,GoFundMe,OrderData_MultiLevel
Inactive,0.0,GoFundMe,OrderData_MultiLevel
Inactive,0.0,GoFundMe,OrderData_MultiLevel
Inactive,0.0,GoFundMe,OrderData_MultiLevel
Inactive,0.0,GoFundMe,OrderData_MultiLevel
Inactive,15.15,GoFundMe,OrderData_MultiLevel
Inactive,15.15,GoFundMe,OrderData_MultiLevel
Active,19.23,GoFundMe,OrderData_MultiLevel
Inactive,0.0,GoFundMe,OrderData_MultiLevel
Active,19.23,GoFundMe,OrderData_MultiLevel
Inactive,5.265,GoFundMe,OrderData_MultiLevel
Active,19.23,GoFundMe,OrderData_MultiLevel
Inactive,15.625,GoFundMe,OrderData_MultiLevel
Inactive,6.21,GoFundMe,OrderData_MultiLevel
Active,19.23,GoFundMe,OrderData_MultiLevel
Inactive,0.0,GoFundMe,OrderData_MultiLevel
Active,19.23,GoFundMe,OrderData_MultiLevel
Active,19.23,GoFundMe,OrderData_MultiLevel
Inactive,26.315,GoFundMe,OrderData_MultiLevel
Inactive,13.515,GoFundMe,OrderData_MultiLevel
Inactive,6.58,GoFundMe,OrderData_MultiLevel
Active,19.23,GoFundMe,OrderData_MultiLevel
Active,19.23,GoFundMe,OrderData_MultiLevel
Active,19.23,GoFundMe,OrderData_MultiLevel
Inactive,7.145,GoFundMe,OrderData_MultiLevel
Active,19.23,GoFundMe,OrderData_MultiLevel
Active,19.23,GoFundMe,OrderData_MultiLevel
Active,19.23,GoFundMe,OrderData_MultiLevel
Active,19.23,GoFundMe,OrderData_MultiLevel
Active,19.23,GoFundMe,OrderData_MultiLevel
Inactive,18.18,GoFundMe,OrderData_MultiLevel
Active,19.23,GoFundMe,OrderData_MultiLevel
Active,19.23,GoFundMe,OrderData_MultiLevel
Active,19.23,GoFundMe,OrderData_MultiLevel
Inactive,14.285,GoFundMe,OrderData_MultiLevel
Active,19.23,GoFundMe,OrderData_MultiLevel
Active,19.23,GoFundMe,OrderData_MultiLevel
Active,19.23,GoFundMe,OrderData_MultiLevel
Active,19.23,GoFundMe,OrderData_MultiLevel
Active,19.23,GoFundMe,OrderData_MultiLevel
Inactive,7.195,GoFundMe,OrderData_MultiLevel
Active,19.23,GoFundMe,OrderData_MultiLevel
Inactive,6.495,GoFundMe,OrderData_MultiLevel
Active,19.23,GoFundMe,OrderData_MultiLevel
Active,19.23,GoFundMe,OrderData_MultiLevel
Inactive,13.89,GoFundMe,OrderData_MultiLevel
Active,19.23,GoFundMe,OrderData_MultiLevel
Active,19.23,GoFundMe,OrderData_MultiLevel
Active,19.23,GoFundMe,OrderData_MultiLevel
Active,19.23,GoFundMe,OrderData_MultiLevel
Active,19.23,GoFundMe,OrderData_MultiLevel
Inactive,0.0,GoFundMe,OrderData_MultiLevel
Active,19.23,GoFundMe,OrderData_MultiLevel
Active,19.23,GoFundMe,OrderData_MultiLevel
Active,19.23,GoFundMe,OrderData_MultiLevel
Active,19.23,GoFundMe,OrderData_MultiLevel
Active,19.23,GoFundMe,OrderData_MultiLevel
Inactive,4.405,GoFundMe,OrderData_MultiLevel
Inactive,24.39,GoFundMe,OrderData_MultiLevel
Active,19.23,GoFundMe,OrderData_MultiLevel
Active,19.23,GoFundMe,OrderData_MultiLevel
Inactive,6.71,GoFundMe,OrderData_MultiLevel
Active,19.23,GoFundMe,OrderData_MultiLevel
Active,19.23,GoFundMe,OrderData_MultiLevel
Active,19.23,GoFundMe,OrderData_MultiLevel
Active,19.23,GoFundMe,OrderData_MultiLevel
Active,19.23,GoFundMe,OrderData_MultiLevel
Inactive,5.88,GoFundMe,OrderData_MultiLevel
Active,19.23,GoFundMe,OrderData_MultiLevel
Inactive,11.63,GoFundMe,OrderData_MultiLevel
Active,19.23,GoFundMe,OrderData_MultiLevel
Active,19.23,GoFundMe,OrderData_MultiLevel
Inactive,13.89,GoFundMe,OrderData_MultiLevel
Active,19.23,GoFundMe,OrderData_MultiLevel
Active,19.23,GoFundMe,OrderData_MultiLevel
Active,19.23,GoFundMe,OrderData_MultiLevel
Active,19.23,GoFundMe,OrderData_MultiLevel
Inactive,13.89,GoFundMe,OrderData_MultiLevel
Inactive,13.515,GoFundMe,OrderData_MultiLevel
Active,19.23,GoFundMe,OrderData_MultiLevel
Active,19.23,GoFundMe,OrderData_MultiLevel
Inactive,16.95,GoFundMe,OrderData_MultiLevel
Active,19.23,GoFundMe,OrderData_MultiLevel
Inactive,12.985,GoFundMe,OrderData_MultiLevel
Active,19.23,GoFundMe,OrderData_MultiLevel
Inactive,12.5,GoFundMe,OrderData_MultiLevel
Active,19.23,GoFundMe,OrderData_MultiLevel
Inactive,18.18,GoFundMe,OrderData_MultiLevel
Active,19.23,GoFundMe,OrderData_MultiLevel
Active,19.23,GoFundMe,OrderData_MultiLevel
Active,19.23,GoFundMe,OrderData_MultiLevel
Active,19.23,GoFundMe,OrderData_MultiLevel
Active,19.23,GoFundMe,OrderData_MultiLevel
Active,19.23,GoFundMe,OrderData_MultiLevel
Active,19.23,GoFundMe,OrderData_MultiLevel
Active,23.075,GoFundMe,OrderData_MultiLevel
Active,19.23,GoFundMe,OrderData_MultiLevel
Inactive,13.16,GoFundMe,OrderData_MultiLevel
Active,19.23,GoFundMe,OrderData_MultiLevel
Inactive,14.495,GoFundMe,OrderData_MultiLevel
Active,19.23,GoFundMe,OrderData_MultiLevel
Active,19.23,GoFundMe,OrderData_MultiLevel
Active,19.23,GoFundMe,OrderData_MultiLevel
Inactive,3.075,GoFundMe,OrderData_MultiLevel
Inactive,19.61,GoFundMe,OrderData_MultiLevel
Active,19.23,GoFundMe,OrderData_MultiLevel
Active,19.23,GoFundMe,OrderData_MultiLevel
Active,19.23,GoFundMe,OrderData_MultiLevel
Active,19.23,GoFundMe,OrderData_MultiLevel
Active,19.23,GoFundMe,OrderData_MultiLevel
Inactive,15.385,GoFundMe,OrderData_MultiLevel
Inactive,12.05,GoFundMe,OrderData_MultiLevel
Active,27.78,GoFundMe,OrderData_MultiLevel
Active,19.23,GoFundMe,OrderData_MultiLevel
Inactive,14.705,GoFundMe,OrderData_MultiLevel
Active,19.23,GoFundMe,OrderData_MultiLevel
Inactive,5.35,GoFundMe,OrderData_MultiLevel
Active,19.23,GoFundMe,OrderData_MultiLevel
Active,19.23,GoFundMe,OrderData_MultiLevel
Active,26.785,GoFundMe,OrderData_MultiLevel
Inactive,11.495,GoFundMe,OrderData_MultiLevel
Active,19.23,GoFundMe,OrderData_MultiLevel
Active,19.23,GoFundMe,OrderData_MultiLevel
Active,19.23,GoFundMe,OrderData_MultiLevel
Active,19.23,GoFundMe,OrderData_MultiLevel
Active,19.23,GoFundMe,OrderData_MultiLevel
Active,19.23,GoFundMe,OrderData_MultiLevel
Inactive,34.485,GoFundMe,OrderData_MultiLevel
Inactive,20.41,GoFundMe,OrderData_MultiLevel
Active,19.23,GoFundMe,OrderData_MultiLevel
Active,19.23,GoFundMe,OrderData_MultiLevel
Inactive,16.395,GoFundMe,OrderData_MultiLevel
Active,19.23,GoFundMe,OrderData_MultiLevel
Active,19.23,GoFundMe,OrderData_MultiLevel
Active,19.23,GoFundMe,OrderData_MultiLevel
Inactive,4.9,GoFundMe,OrderData_MultiLevel
Inactive,13.16,GoFundMe,OrderData_MultiLevel
Active,19.23,GoFundMe,OrderData_MultiLevel
Active,19.23,GoFundMe,OrderData_MultiLevel
Active,19.23,GoFundMe,OrderData_MultiLevel
Active,19.23,GoFundMe,OrderData_MultiLevel
Active,19.23,GoFundMe,OrderData_MultiLevel
Active,19.23,GoFundMe,OrderData_MultiLevel
Active,19.23,GoFundMe,OrderData_MultiLevel
Inactive,15.875,GoFundMe,OrderData_MultiLevel
Inactive,16.395,GoFundMe,OrderData_MultiLevel
Active,19.23,GoFundMe,OrderData_MultiLevel
Inactive,13.16,GoFundMe,OrderData_MultiLevel
Active,19.23,GoFundMe,OrderData_MultiLevel
Active,19.23,GoFundMe,OrderData_MultiLevel
Active,19.23,GoFundMe,OrderData_MultiLevel
Active,19.23,GoFundMe,OrderData_MultiLevel
Active,19.23,GoFundMe,OrderData_MultiLevel
Inactive,10.525,GoFundMe,OrderData_MultiLevel
Active,19.23,GoFundMe,OrderData_MultiLevel
Inactive,18.18,GoFundMe,OrderData_MultiLevel
Active,19.23,GoFundMe,OrderData_MultiLevel
Active,19.23,GoFundMe,OrderData_MultiLevel
Active,19.23,GoFundMe,OrderData_MultiLevel
Active,19.23,GoFundMe,OrderData_MultiLevel
Active,19.23,GoFundMe,OrderData_MultiLevel
Active,19.23,GoFundMe,OrderData_MultiLevel
Active,19.23,GoFundMe,OrderData_MultiLevel
Inactive,26.315,GoFundMe,OrderData_MultiLevel
Inactive,15.625,GoFundMe,OrderData_MultiLevel
Active,19.23,GoFundMe,OrderData_MultiLevel
Active,19.23,GoFundMe,OrderData_MultiLevel
Active,19.23,GoFundMe,OrderData_MultiLevel
Inactive,15.625,GoFundMe,OrderData_MultiLevel
Inactive,18.18,GoFundMe,OrderData_MultiLevel
Inactive,6.41,GoFundMe,OrderData_MultiLevel
Active,19.23,GoFundMe,OrderData_MultiLevel
Inactive,11.63,GoFundMe,OrderData_MultiLevel
Inactive,6.805,GoFundMe,OrderData_MultiLevel
Active,18.52,GoFundMe,OrderData_MultiLevel
Active,19.23,GoFundMe,OrderData_MultiLevel
Active,19.23,GoFundMe,OrderData_MultiLevel
Active,19.23,GoFundMe,OrderData_MultiLevel
Active,19.23,GoFundMe,OrderData_MultiLevel
Inactive,4.585,GoFundMe,OrderData_MultiLevel
Inactive,11.905,GoFundMe,OrderData_MultiLevel
Active,19.23,GoFundMe,OrderData_MultiLevel
Active,19.23,GoFundMe,OrderData_MultiLevel
Active,19.23,GoFundMe,OrderData_MultiLevel
Active,19.23,GoFundMe,OrderData_MultiLevel
Inactive,0.0,GoFundMe,OrderData_MultiLevel
Inactive,4.61,GoFundMe,OrderData_MultiLevel
Active,19.23,GoFundMe,OrderData_MultiLevel
Active,19.23,GoFundMe,OrderData_MultiLevel
Inactive,4.95,GoFundMe,OrderData_MultiLevel
Active,19.23,GoFundMe,OrderData_MultiLevel
Active,19.23,GoFundMe,OrderData_MultiLevel
Active,19.23,GoFundMe,OrderData_MultiLevel
Active,19.23,GoFundMe,OrderData_MultiLevel
Active,19.23,GoFundMe,OrderData_MultiLevel
Active,19.23,GoFundMe,OrderData_MultiLevel
Active,19.23,GoFundMe,OrderData_MultiLevel
Active,19.23,GoFundMe,OrderData_MultiLevel
Inactive,14.285,GoFundMe,OrderData_MultiLevel
Inactive,15.625,GoFundMe,OrderData_MultiLevel
Active,19.23,GoFundMe,OrderData_MultiLevel
Active,19.23,GoFundMe,OrderData_MultiLevel
Active,11.54,GoFundMe,OrderData_MultiLevel
Active,11.54,GoFundMe,OrderData_MultiLevel
Active,19.23,GoFundMe,OrderData_MultiLevel
Inactive,14.925,GoFundMe,OrderData_MultiLevel
Inactive,16.395,GoFundMe,OrderData_MultiLevel
Active,19.23,GoFundMe,OrderData_MultiLevel
Inactive,16.665,GoFundMe,OrderData_MultiLevel
Active,19.23,GoFundMe,OrderData_MultiLevel
Active,19.23,GoFundMe,OrderData_MultiLevel
Active,19.23,GoFundMe,OrderData_MultiLevel
Active,19.23,GoFundMe,OrderData_MultiLevel
Active,19.23,GoFundMe,OrderData_MultiLevel
Inactive,6.25,GoFundMe,OrderData_MultiLevel
Active,19.23,GoFundMe,OrderData_MultiLevel
Active,19.23,GoFundMe,OrderData_MultiLevel
Active,19.23,GoFundMe,OrderData_MultiLevel
Active,19.23,GoFundMe,OrderData_MultiLevel
Inactive,14.705,GoFundMe,OrderData_MultiLevel
Active,20.0,GoFundMe,OrderData_MultiLevel
Active,19.23,GoFundMe,OrderData_MultiLevel
Inactive,4.585,GoFundMe,OrderData_MultiLevel
Active,19.23,GoFundMe,OrderData_MultiLevel
Active,19.23,GoFundMe,OrderData_MultiLevel
Active,19.23,GoFundMe,OrderData_MultiLevel
Active,19.23,GoFundMe,OrderData_MultiLevel
Active,19.23,GoFundMe,OrderData_MultiLevel
Active,19.23,GoFundMe,OrderData_MultiLevel
Active,19.23,GoFundMe,OrderData_MultiLevel
Active,19.23,GoFundMe,OrderData_MultiLevel
Active,19.23,GoFundMe,OrderData_MultiLevel
Inactive,10.1,GoFundMe,OrderData_MultiLevel
Active,19.23,GoFundMe,OrderData_MultiLevel
Inactive,10.1,GoFundMe,OrderData_MultiLevel
Inactive,15.875,GoFundMe,OrderData_MultiLevel
Active,19.23,GoFundMe,OrderData_MultiLevel
Active,19.23,GoFundMe,OrderData_MultiLevel
Active,19.23,GoFundMe,OrderData_MultiLevel
Inactive,5.025,GoFundMe,OrderData_MultiLevel
Active,19.23,GoFundMe,OrderData_MultiLevel
Inactive,20.835,GoFundMe,OrderData_MultiLevel
Active,19.23,GoFundMe,OrderData_MultiLevel
Active,19.23,GoFundMe,OrderData_MultiLevel
Active,17.24,GoFundMe,OrderData_MultiLevel
Active,19.23,GoFundMe,OrderData_MultiLevel
Active,19.23,GoFundMe,OrderData_MultiLevel
Inactive,5.555,GoFundMe,OrderData_MultiLevel
Active,19.23,GoFundMe,OrderData_MultiLevel
Active,19.23,GoFundMe,OrderData_MultiLevel
Inactive,11.16,GoFundMe,OrderData_MultiLevel
Active,19.23,GoFundMe,OrderData_MultiLevel
Active,19.23,GoFundMe,OrderData_MultiLevel
Active,19.23,GoFundMe,OrderData_MultiLevel
Active,19.23,GoFundMe,OrderData_MultiLevel
Active,19.23,GoFundMe,OrderData_MultiLevel
Inactive,6.665,GoFundMe,OrderData_MultiLevel
Active,19.23,GoFundMe,OrderData_MultiLevel
Inactive,13.16,GoFundMe,OrderData_MultiLevel
Inactive,17.855,GoFundMe,OrderData_MultiLevel
Active,19.23,GoFundMe,OrderData_MultiLevel
Inactive,17.24,GoFundMe,OrderData_MultiLevel
Active,19.23,GoFundMe,OrderData_MultiLevel
Inactive,7.245,GoFundMe,OrderData_MultiLevel
Inactive,7.145,GoFundMe,OrderData_MultiLevel
Active,19.23,GoFundMe,OrderData_MultiLevel
Active,19.23,GoFundMe,OrderData_MultiLevel
Inactive,15.385,GoFundMe,OrderData_MultiLevel
Inactive,0.0,GoFundMe,OrderData_MultiLevel
Inactive,0.0,GoFundMe,OrderData_MultiLevel
Active,19.23,GoFundMe,OrderData_MultiLevel
Active,19.23,GoFundMe,OrderData_MultiLevel
Active,19.23,GoFundMe,OrderData_MultiLevel
Inactive,7.355,GoFundMe,OrderData_MultiLevel
Active,19.23,GoFundMe,OrderData_MultiLevel
Active,19.23,GoFundMe,OrderData_MultiLevel
Inactive,6.33,GoFundMe,OrderData_MultiLevel
Inactive,5.05,GoFundMe,OrderData_MultiLevel
Active,19.23,GoFundMe,OrderData_MultiLevel
Inactive,14.495,GoFundMe,OrderData_MultiLevel
Inactive,15.15,GoFundMe,OrderData_MultiLevel
Active,19.23,GoFundMe,OrderData_MultiLevel
Active,19.23,GoFundMe,OrderData_MultiLevel
Inactive,18.52,GoFundMe,OrderData_MultiLevel
Active,19.23,GoFundMe,OrderData_MultiLevel
Active,19.23,GoFundMe,OrderData_MultiLevel
Active,19.23,GoFundMe,OrderData_MultiLevel
Active,19.23,GoFundMe,OrderData_MultiLevel
Inactive,13.16,GoFundMe,OrderData_MultiLevel
Inactive,20.41,GoFundMe,OrderData_MultiLevel
Active,19.23,GoFundMe,OrderData_MultiLevel
Active,19.23,GoFundMe,OrderData_MultiLevel
Inactive,12.5,GoFundMe,OrderData_MultiLevel
Inactive,13.515,GoFundMe,OrderData_MultiLevel
Active,19.23,GoFundMe,OrderData_MultiLevel
Inactive,6.58,GoFundMe,OrderData_MultiLevel
Inactive,16.95,GoFundMe,OrderData_MultiLevel
Active,19.23,GoFundMe,OrderData_MultiLevel
Active,19.23,GoFundMe,OrderData_MultiLevel
Inactive,12.05,GoFundMe,OrderData_MultiLevel
Active,19.23,GoFundMe,OrderData_MultiLevel
Active,19.23,GoFundMe,OrderData_MultiLevel
Inactive,0.0,GoFundMe,OrderData_MultiLevel
Active,19.23,GoFundMe,OrderData_MultiLevel
Active,19.23,GoFundMe,OrderData_MultiLevel
Active,19.23,GoFundMe,OrderData_MultiLevel
Active,19.23,GoFundMe,OrderData_MultiLevel
Active,19.23,GoFundMe,OrderData_MultiLevel
Active,19.23,GoFundMe,OrderData_MultiLevel
Active,19.23,GoFundMe,OrderData_MultiLevel
Active,19.23,GoFundMe,OrderData_MultiLevel
Active,19.23,GoFundMe,OrderData_MultiLevel
Inactive,8.195,GoFundMe,OrderData_MultiLevel
Active,19.23,GoFundMe,OrderData_MultiLevel
Active,19.23,GoFundMe,OrderData_MultiLevel
Active,19.23,GoFundMe,OrderData_MultiLevel
Active,19.23,GoFundMe,OrderData_MultiLevel
Active,19.23,GoFundMe,OrderData_MultiLevel
Active,19.23,GoFundMe,OrderData_MultiLevel
Active,19.23,GoFundMe,OrderData_MultiLevel
Active,19.23,GoFundMe,OrderData_MultiLevel
Active,19.23,GoFundMe,OrderData_MultiLevel
Inactive,0.0,GoFundMe,OrderData_MultiLevel
Active,19.23,GoFundMe,OrderData_MultiLevel
Inactive,4.05,GoFundMe,OrderData_MultiLevel
Active,19.23,GoFundMe,OrderData_MultiLevel
Active,19.23,GoFundMe,OrderData_MultiLevel
Active,19.23,GoFundMe,OrderData_MultiLevel
Active,19.23,GoFundMe,OrderData_MultiLevel
Inactive,5.265,GoFundMe,OrderData_MultiLevel
Active,19.23,GoFundMe,OrderData_MultiLevel
Active,19.23,GoFundMe,OrderData_MultiLevel
Active,19.23,GoFundMe,OrderData_MultiLevel
Active,19.23,GoFundMe,OrderData_MultiLevel
Active,19.23,GoFundMe,OrderData_MultiLevel
Active,19.23,GoFundMe,OrderData_MultiLevel
Active,19.23,GoFundMe,OrderData_MultiLevel
Active,27.78,GoFundMe,OrderData_MultiLevel
Inactive,14.705,GoFundMe,OrderData_MultiLevel
Active,19.23,GoFundMe,OrderData_MultiLevel
Active,19.23,GoFundMe,OrderData_MultiLevel
Active,19.23,GoFundMe,OrderData_MultiLevel
Inactive,14.705,GoFundMe,OrderData_MultiLevel
Inactive,17.855,GoFundMe,OrderData_MultiLevel
Active,19.23,GoFundMe,OrderData_MultiLevel
Active,19.23,GoFundMe,OrderData_MultiLevel
Active,19.23,GoFundMe,OrderData_MultiLevel
Inactive,12.195,GoFundMe,OrderData_MultiLevel
Active,19.23,GoFundMe,OrderData_MultiLevel
Inactive,0.0,GoFundMe,OrderData_MultiLevel
Inactive,5.435,GoFundMe,OrderData_MultiLevel
Active,19.23,GoFundMe,OrderData_MultiLevel
Active,19.23,GoFundMe,OrderData_MultiLevel
Active,19.23,GoFundMe,OrderData_MultiLevel
Active,19.23,GoFundMe,OrderData_MultiLevel
Active,19.23,GoFundMe,OrderData_MultiLevel
Active,19.23,GoFundMe,OrderData_MultiLevel
Active,19.23,GoFundMe,OrderData_MultiLevel
Active,19.23,GoFundMe,OrderData_MultiLevel
Active,19.23,GoFundMe,OrderData_MultiLevel
Inactive,13.7,GoFundMe,OrderData_MultiLevel
Active,36.365,GoFundMe,OrderData_MultiLevel
Inactive,26.315,GoFundMe,OrderData_MultiLevel
Inactive,10.715,GoFundMe,OrderData_MultiLevel
Inactive,12.5,GoFundMe,OrderData_MultiLevel
Active,19.23,GoFundMe,OrderData_MultiLevel
Inactive,13.7,GoFundMe,OrderData_MultiLevel
Inactive,15.385,GoFundMe,OrderData_MultiLevel
Inactive,14.085,GoFundMe,OrderData_MultiLevel
Inactive,13.7,GoFundMe,OrderData_MultiLevel
Inactive,14.495,GoFundMe,OrderData_MultiLevel
Inactive,0.0,GoFundMe,OrderData_MultiLevel
Inactive,13.335,GoFundMe,OrderData_MultiLevel
Active,19.23,GoFundMe,OrderData_MultiLevel
Inactive,4.83,GoFundMe,OrderData_MultiLevel
Active,19.23,GoFundMe,OrderData_MultiLevel
Active,19.23,GoFundMe,OrderData_MultiLevel
Inactive,20.835,GoFundMe,OrderData_MultiLevel
Active,19.23,GoFundMe,OrderData_MultiLevel
Active,19.23,GoFundMe,OrderData_MultiLevel
Active,19.23,GoFundMe,OrderData_MultiLevel
Inactive,7.195,GoFundMe,OrderData_MultiLevel
Active,19.23,GoFundMe,OrderData_MultiLevel
Inactive,24.39,GoFundMe,OrderData_MultiLevel
Inactive,15.385,GoFundMe,OrderData_MultiLevel
Inactive,14.925,GoFundMe,OrderData_MultiLevel
Inactive,5.265,GoFundMe,OrderData_MultiLevel
Active,6.85,GoFundMe,OrderData_MultiLevel
Active,19.23,GoFundMe,OrderData_MultiLevel
Active,19.23,GoFundMe,OrderData_MultiLevel
Inactive,0.0,GoFundMe,OrderData_MultiLevel
Active,19.23,GoFundMe,OrderData_MultiLevel
Active,19.23,GoFundMe,OrderData_MultiLevel
Inactive,14.495,GoFundMe,OrderData_MultiLevel
Inactive,6.45,GoFundMe,OrderData_MultiLevel
Active,19.23,GoFundMe,OrderData_MultiLevel
Active,19.23,GoFundMe,OrderData_MultiLevel
Active,19.23,GoFundMe,OrderData_MultiLevel
Active,19.23,GoFundMe,OrderData_MultiLevel
Active,19.23,GoFundMe,OrderData_MultiLevel
Inactive,8.62,GoFundMe,OrderData_MultiLevel
Active,19.23,GoFundMe,OrderData_MultiLevel
Inactive,6.665,GoFundMe,OrderData_MultiLevel
Inactive,14.925,GoFundMe,OrderData_MultiLevel
Active,19.23,GoFundMe,OrderData_MultiLevel
Active,19.23,GoFundMe,OrderData_MultiLevel
Active,19.23,GoFundMe,OrderData_MultiLevel
Inactive,6.85,GoFundMe,OrderData_MultiLevel
Active,19.23,GoFundMe,OrderData_MultiLevel
Active,19.23,GoFundMe,OrderData_MultiLevel
Active,19.23,GoFundMe,OrderData_MultiLevel
Inactive,22.22,GoFundMe,OrderData_MultiLevel
Active,19.23,GoFundMe,OrderData_MultiLevel
Active,19.23,GoFundMe,OrderData_MultiLevel
Active,19.23,GoFundMe,OrderData_MultiLevel
Active,5.92,GoFundMe,OrderData_MultiLevel
Inactive,14.925,GoFundMe,OrderData_MultiLevel
Active,19.23,GoFundMe,OrderData_MultiLevel
Active,19.23,GoFundMe,OrderData_MultiLevel
Active,19.23,GoFundMe,OrderData_MultiLevel
Active,19.23,GoFundMe,OrderData_MultiLevel
Active,19.23,GoFundMe,OrderData_MultiLevel
Active,19.23,GoFundMe,OrderData_MultiLevel
Inactive,16.95,GoFundMe,OrderData_MultiLevel
Active,19.23,GoFundMe,OrderData_MultiLevel
Inactive,0.0,GoFundMe,OrderData_MultiLevel
Inactive,7.195,GoFundMe,OrderData_MultiLevel
Active,19.23,GoFundMe,OrderData_MultiLevel
Active,19.23,GoFundMe,OrderData_MultiLevel
Active,19.23,GoFundMe,OrderData_MultiLevel
Active,19.23,GoFundMe,OrderData_MultiLevel
Active,19.23,GoFundMe,OrderData_MultiLevel
Active,19.23,GoFundMe,OrderData_MultiLevel
Inactive,12.66,GoFundMe,OrderData_MultiLevel
Active,19.23,GoFundMe,OrderData_MultiLevel
Inactive,13.89,GoFundMe,OrderData_MultiLevel
Inactive,10.31,GoFundMe,OrderData_MultiLevel
Inactive,11.63,GoFundMe,OrderData_MultiLevel
Active,19.23,GoFundMe,OrderData_MultiLevel
Inactive,6.755,GoFundMe,OrderData_MultiLevel
Active,19.23,GoFundMe,OrderData_MultiLevel
Inactive,14.495,GoFundMe,OrderData_MultiLevel
Active,19.23,GoFundMe,OrderData_MultiLevel
Inactive,15.385,GoFundMe,OrderData_MultiLevel
Active,19.23,GoFundMe,OrderData_MultiLevel
Active,19.23,GoFundMe,OrderData_MultiLevel
Active,19.23,GoFundMe,OrderData_MultiLevel
Inactive,0.0,GoFundMe,OrderData_MultiLevel
Active,19.23,GoFundMe,OrderData_MultiLevel
Inactive,7.145,GoFundMe,OrderData_MultiLevel
Active,19.23,GoFundMe,OrderData_MultiLevel
Inactive,16.395,GoFundMe,OrderData_MultiLevel
Inactive,20.835,GoFundMe,OrderData_MultiLevel
Active,19.23,GoFundMe,OrderData_MultiLevel
Active,19.23,GoFundMe,OrderData_MultiLevel
Inactive,11.765,GoFundMe,OrderData_MultiLevel
Active,27.78,GoFundMe,OrderData_MultiLevel
Active,19.23,GoFundMe,OrderData_MultiLevel
Active,19.23,GoFundMe,OrderData_MultiLevel
Active,19.23,GoFundMe,OrderData_MultiLevel
Active,19.23,GoFundMe,OrderData_MultiLevel
Active,19.23,GoFundMe,OrderData_MultiLevel
Active,19.23,GoFundMe,OrderData_MultiLevel
Inactive,12.345,GoFundMe,OrderData_MultiLevel
Active,19.23,GoFundMe,OrderData_MultiLevel
Inactive,10.64,GoFundMe,OrderData_MultiLevel
Inactive,12.05,GoFundMe,OrderData_MultiLevel
Active,19.23,GoFundMe,OrderData_MultiLevel
Active,19.23,GoFundMe,OrderData_MultiLevel
Active,19.23,GoFundMe,OrderData_MultiLevel
Active,19.23,GoFundMe,OrderData_MultiLevel
Active,19.23,GoFundMe,OrderData_MultiLevel
Active,19.23,GoFundMe,OrderData_MultiLevel
Inactive,5.68,GoFundMe,OrderData_MultiLevel
Inactive,6.58,GoFundMe,OrderData_MultiLevel
Active,19.23,GoFundMe,OrderData_MultiLevel
Active,19.23,GoFundMe,OrderData_MultiLevel
Inactive,16.13,GoFundMe,OrderData_MultiLevel
Inactive,17.545,GoFundMe,OrderData_MultiLevel
Active,19.23,GoFundMe,OrderData_MultiLevel
Inactive,0.0,GoFundMe,OrderData_MultiLevel
Inactive,12.985,GoFundMe,OrderData_MultiLevel
Active,19.23,GoFundMe,OrderData_MultiLevel
Active,19.23,GoFundMe,OrderData_MultiLevel
Active,19.23,GoFundMe,OrderData_MultiLevel
Active,19.23,GoFundMe,OrderData_MultiLevel
Active,19.23,GoFundMe,OrderData_MultiLevel
Inactive,0.0,GoFundMe,OrderData_MultiLevel
Active,19.23,GoFundMe,OrderData_MultiLevel
Inactive,7.575,GoFundMe,OrderData_MultiLevel
Active,19.23,GoFundMe,OrderData_MultiLevel
Active,19.23,GoFundMe,OrderData_MultiLevel
Active,19.23,GoFundMe,OrderData_MultiLevel
Active,19.23,GoFundMe,OrderData_MultiLevel
Inactive,22.22,GoFundMe,OrderData_MultiLevel
Active,19.23,GoFundMe,OrderData_MultiLevel
Inactive,12.985,GoFundMe,OrderData_MultiLevel
Active,19.23,GoFundMe,OrderData_MultiLevel
Inactive,4.65,GoFundMe,OrderData_MultiLevel
Active,19.23,GoFundMe,OrderData_MultiLevel
Active,19.23,GoFundMe,OrderData_MultiLevel
Active,19.23,GoFundMe,OrderData_MultiLevel
Inactive,17.855,GoFundMe,OrderData_MultiLevel
Inactive,2.825,GoFundMe,OrderData_MultiLevel
Active,19.23,GoFundMe,OrderData_MultiLevel
Active,19.23,GoFundMe,OrderData_MultiLevel
Inactive,18.18,GoFundMe,OrderData_MultiLevel
Inactive,14.285,GoFundMe,OrderData_MultiLevel
Active,19.23,GoFundMe,OrderData_MultiLevel
Inactive,5.32,GoFundMe,OrderData_MultiLevel
Active,19.23,GoFundMe,OrderData_MultiLevel
Active,19.23,GoFundMe,OrderData_MultiLevel
Inactive,0.0,GoFundMe,OrderData_MultiLevel
Active,19.23,GoFundMe,OrderData_MultiLevel
Active,19.23,GoFundMe,OrderData_MultiLevel
Inactive,0.0,GoFundMe,OrderData_MultiLevel
Inactive,16.665,GoFundMe,OrderData_MultiLevel
Active,19.23,GoFundMe,OrderData_MultiLevel
Inactive,12.345,GoFundMe,OrderData_MultiLevel
Active,19.23,GoFundMe,OrderData_MultiLevel
Inactive,4.88,GoFundMe,OrderData_MultiLevel
Inactive,16.395,GoFundMe,OrderData_MultiLevel
Active,19.23,GoFundMe,OrderData_MultiLevel
Active,19.23,GoFundMe,OrderData_MultiLevel
Inactive,0.0,GoFundMe,OrderData_MultiLevel
Active,19.23,GoFundMe,OrderData_MultiLevel
Inactive,0.0,GoFundMe,OrderData_MultiLevel
Active,19.23,GoFundMe,OrderData_MultiLevel
Inactive,7.245,GoFundMe,OrderData_MultiLevel
Inactive,0.0,GoFundMe,OrderData_MultiLevel
Active,19.23,GoFundMe,OrderData_MultiLevel
Inactive,0.0,GoFundMe,OrderData_MultiLevel
Active,19.23,GoFundMe,OrderData_MultiLevel
Active,27.78,GoFundMe,OrderData_MultiLevel
Active,19.23,GoFundMe,OrderData_MultiLevel
Inactive,16.13,GoFundMe,OrderData_MultiLevel
Active,19.23,GoFundMe,OrderData_MultiLevel
Inactive,17.545,GoFundMe,OrderData_MultiLevel
Inactive,5.555,GoFundMe,OrderData_MultiLevel
Inactive,27.78,GoFundMe,OrderData_MultiLevel
Active,20.0,GoFundMe,OrderData_MultiLevel
Active,8.265,GoFundMe,OrderData_MultiLevel
Inactive,6.45,GoFundMe,OrderData_MultiLevel
Inactive,6.1,GoFundMe,OrderData_MultiLevel
Active,19.23,GoFundMe,OrderData_MultiLevel
Active,19.23,GoFundMe,OrderData_MultiLevel
Active,19.23,GoFundMe,OrderData_MultiLevel
